test_id,platform,status,artifact_sha256,evidence,note
UI-01,Windows 11 x64,NOT_RUN,,,Заполнить после реального испытания
UI-02,Windows 11 x64,NOT_RUN,,,Заполнить после реального испытания
UI-03,Windows 11 x64,NOT_RUN,,,Заполнить после реального испытания
UI-04,Windows 11 x64,NOT_RUN,,,Заполнить после реального испытания
UI-05,Windows 11 x64,NOT_RUN,,,Заполнить после реального испытания
UI-06,Windows 11 x64,NOT_RUN,,,Заполнить после реального испытания
UI-07,Windows 11 x64,NOT_RUN,,,Заполнить после реального испытания
UI-08,Windows 11 x64,NOT_RUN,,,Заполнить после реального испытания
UI-09,Windows 11 x64,NOT_RUN,,,Заполнить после реального испытания
UI-10,Windows 11 x64,NOT_RUN,,,Заполнить после реального испытания
UI-11,Windows 11 x64,NOT_RUN,,,Заполнить после реального испытания
UI-12,Windows 11 x64,NOT_RUN,,,Заполнить после реального испытания
UI-13,Windows 11 x64,NOT_RUN,,,Заполнить после реального испытания
UI-14,Windows 11 x64,NOT_RUN,,,Заполнить после реального испытания
UI-15,Windows 11 x64,NOT_RUN,,,Заполнить после реального испытания
UI-16,Windows 11 x64,NOT_RUN,,,Заполнить после реального испытания
UI-17,Windows 11 x64,NOT_RUN,,,Заполнить после реального испытания
UI-18,Windows 11 x64,NOT_RUN,,,Заполнить после реального испытания
UI-19,Windows 11 x64,NOT_RUN,,,Заполнить после реального испытания
UI-20,Windows 11 x64,NOT_RUN,,,Заполнить после реального испытания
UI-21,Windows 11 x64,NOT_RUN,,,Заполнить после реального испытания
UI-22,Windows 11 x64,NOT_RUN,,,Заполнить после реального испытания
UI-23,Windows 11 x64,NOT_RUN,,,Заполнить после реального испытания
UI-24,Windows 11 x64,NOT_RUN,,,Заполнить после реального испытания
UI-25,Windows 11 x64,NOT_RUN,,,Заполнить после реального испытания
UI-26,Windows 11 x64,NOT_RUN,,,Заполнить после реального испытания
UI-27,Windows 11 x64,NOT_RUN,,,Заполнить после реального испытания
UI-28,Windows 11 x64,NOT_RUN,,,Заполнить после реального испытания
UI-29,Windows 11 x64,NOT_RUN,,,Заполнить после реального испытания
UI-30,Windows 11 x64,NOT_RUN,,,Заполнить после реального испытания
SYS-01,Windows 11 x64,NOT_RUN,,,Заполнить после реального испытания
SYS-02,Windows 11 x64,NOT_RUN,,,Заполнить после реального испытания
SYS-03,Windows 11 x64,NOT_RUN,,,Заполнить после реального испытания
SYS-04,Windows 11 x64,NOT_RUN,,,Заполнить после реального испытания
SYS-05,Windows 11 x64,NOT_RUN,,,Заполнить после реального испытания
SYS-06,Windows 11 x64,NOT_RUN,,,Заполнить после реального испытания
SYS-07,Windows 11 x64,NOT_RUN,,,Заполнить после реального испытания
SYS-08,Windows 11 x64,NOT_RUN,,,Заполнить после реального испытания
SYS-09,Windows 11 x64,NOT_RUN,,,Заполнить после реального испытания
SYS-10,Windows 11 x64,NOT_RUN,,,Заполнить после реального испытания
UPD-01,Windows 11 x64,NOT_RUN,,,Заполнить после реального испытания
UPD-02,Windows 11 x64,NOT_RUN,,,Заполнить после реального испытания
UPD-03,Windows 11 x64,NOT_RUN,,,Заполнить после реального испытания
UPD-04,Windows 11 x64,NOT_RUN,,,Заполнить после реального испытания
UPD-05,Windows 11 x64,NOT_RUN,,,Заполнить после реального испытания
UPD-06,Windows 11 x64,NOT_RUN,,,Заполнить после реального испытания
UPD-07,Windows 11 x64,NOT_RUN,,,Заполнить после реального испытания
UPD-08,Windows 11 x64,NOT_RUN,,,Заполнить после реального испытания
UPD-09,Windows 11 x64,NOT_RUN,,,Заполнить после реального испытания
UPD-10,Windows 11 x64,NOT_RUN,,,Заполнить после реального испытания
UPD-11,Windows 11 x64,NOT_RUN,,,Заполнить после реального испытания
UPD-12,Windows 11 x64,NOT_RUN,,,Заполнить после реального испытания
UPD-13,Windows 11 x64,NOT_RUN,,,Заполнить после реального испытания
UPD-14,Windows 11 x64,NOT_RUN,,,Заполнить после реального испытания
UPD-15,Windows 11 x64,NOT_RUN,,,Заполнить после реального испытания
UPD-16,Windows 11 x64,NOT_RUN,,,Заполнить после реального испытания
UPD-17,Windows 11 x64,NOT_RUN,,,Заполнить после реального испытания
UI-01,CachyOS KDE Wayland,NOT_RUN,,,Заполнить после реального испытания
UI-02,CachyOS KDE Wayland,NOT_RUN,,,Заполнить после реального испытания
UI-03,CachyOS KDE Wayland,NOT_RUN,,,Заполнить после реального испытания
UI-04,CachyOS KDE Wayland,NOT_RUN,,,Заполнить после реального испытания
UI-05,CachyOS KDE Wayland,NOT_RUN,,,Заполнить после реального испытания
UI-06,CachyOS KDE Wayland,NOT_RUN,,,Заполнить после реального испытания
UI-07,CachyOS KDE Wayland,NOT_RUN,,,Заполнить после реального испытания
UI-08,CachyOS KDE Wayland,NOT_RUN,,,Заполнить после реального испытания
UI-09,CachyOS KDE Wayland,NOT_RUN,,,Заполнить после реального испытания
UI-10,CachyOS KDE Wayland,NOT_RUN,,,Заполнить после реального испытания
UI-11,CachyOS KDE Wayland,NOT_RUN,,,Заполнить после реального испытания
UI-12,CachyOS KDE Wayland,NOT_RUN,,,Заполнить после реального испытания
UI-13,CachyOS KDE Wayland,NOT_RUN,,,Заполнить после реального испытания
UI-14,CachyOS KDE Wayland,NOT_RUN,,,Заполнить после реального испытания
UI-15,CachyOS KDE Wayland,NOT_RUN,,,Заполнить после реального испытания
UI-16,CachyOS KDE Wayland,NOT_RUN,,,Заполнить после реального испытания
UI-17,CachyOS KDE Wayland,NOT_RUN,,,Заполнить после реального испытания
UI-18,CachyOS KDE Wayland,NOT_RUN,,,Заполнить после реального испытания
UI-19,CachyOS KDE Wayland,NOT_RUN,,,Заполнить после реального испытания
UI-20,CachyOS KDE Wayland,NOT_RUN,,,Заполнить после реального испытания
UI-21,CachyOS KDE Wayland,NOT_RUN,,,Заполнить после реального испытания
UI-22,CachyOS KDE Wayland,NOT_RUN,,,Заполнить после реального испытания
UI-23,CachyOS KDE Wayland,NOT_RUN,,,Заполнить после реального испытания
UI-24,CachyOS KDE Wayland,NOT_RUN,,,Заполнить после реального испытания
UI-25,CachyOS KDE Wayland,NOT_RUN,,,Заполнить после реального испытания
UI-26,CachyOS KDE Wayland,NOT_RUN,,,Заполнить после реального испытания
UI-27,CachyOS KDE Wayland,NOT_RUN,,,Заполнить после реального испытания
UI-28,CachyOS KDE Wayland,NOT_RUN,,,Заполнить после реального испытания
UI-29,CachyOS KDE Wayland,NOT_RUN,,,Заполнить после реального испытания
UI-30,CachyOS KDE Wayland,NOT_RUN,,,Заполнить после реального испытания
SYS-01,CachyOS KDE Wayland,NOT_RUN,,,Заполнить после реального испытания
SYS-02,CachyOS KDE Wayland,NOT_RUN,,,Заполнить после реального испытания
SYS-03,CachyOS KDE Wayland,NOT_RUN,,,Заполнить после реального испытания
SYS-04,CachyOS KDE Wayland,NOT_RUN,,,Заполнить после реального испытания
SYS-05,CachyOS KDE Wayland,NOT_RUN,,,Заполнить после реального испытания
SYS-06,CachyOS KDE Wayland,NOT_RUN,,,Заполнить после реального испытания
SYS-07,CachyOS KDE Wayland,NOT_RUN,,,Заполнить после реального испытания
SYS-08,CachyOS KDE Wayland,NOT_RUN,,,Заполнить после реального испытания
SYS-09,CachyOS KDE Wayland,NOT_RUN,,,Заполнить после реального испытания
SYS-10,CachyOS KDE Wayland,NOT_RUN,,,Заполнить после реального испытания
UPD-01,CachyOS KDE Wayland,NOT_RUN,,,Заполнить после реального испытания
UPD-02,CachyOS KDE Wayland,NOT_RUN,,,Заполнить после реального испытания
UPD-03,CachyOS KDE Wayland,NOT_RUN,,,Заполнить после реального испытания
UPD-04,CachyOS KDE Wayland,NOT_RUN,,,Заполнить после реального испытания
UPD-05,CachyOS KDE Wayland,NOT_RUN,,,Заполнить после реального испытания
UPD-06,CachyOS KDE Wayland,NOT_RUN,,,Заполнить после реального испытания
UPD-07,CachyOS KDE Wayland,NOT_RUN,,,Заполнить после реального испытания
UPD-08,CachyOS KDE Wayland,NOT_RUN,,,Заполнить после реального испытания
UPD-09,CachyOS KDE Wayland,NOT_RUN,,,Заполнить после реального испытания
UPD-10,CachyOS KDE Wayland,NOT_RUN,,,Заполнить после реального испытания
UPD-11,CachyOS KDE Wayland,NOT_RUN,,,Заполнить после реального испытания
UPD-12,CachyOS KDE Wayland,NOT_RUN,,,Заполнить после реального испытания
UPD-13,CachyOS KDE Wayland,NOT_RUN,,,Заполнить после реального испытания
UPD-14,CachyOS KDE Wayland,NOT_RUN,,,Заполнить после реального испытания
UPD-15,CachyOS KDE Wayland,NOT_RUN,,,Заполнить после реального испытания
UPD-16,CachyOS KDE Wayland,NOT_RUN,,,Заполнить после реального испытания
UPD-17,CachyOS KDE Wayland,NOT_RUN,,,Заполнить после реального испытания
UI-01,CachyOS KDE X11,NOT_RUN,,,Заполнить после реального испытания
UI-02,CachyOS KDE X11,NOT_RUN,,,Заполнить после реального испытания
UI-03,CachyOS KDE X11,NOT_RUN,,,Заполнить после реального испытания
UI-04,CachyOS KDE X11,NOT_RUN,,,Заполнить после реального испытания
UI-05,CachyOS KDE X11,NOT_RUN,,,Заполнить после реального испытания
UI-06,CachyOS KDE X11,NOT_RUN,,,Заполнить после реального испытания
UI-07,CachyOS KDE X11,NOT_RUN,,,Заполнить после реального испытания
UI-08,CachyOS KDE X11,NOT_RUN,,,Заполнить после реального испытания
UI-09,CachyOS KDE X11,NOT_RUN,,,Заполнить после реального испытания
UI-10,CachyOS KDE X11,NOT_RUN,,,Заполнить после реального испытания
UI-11,CachyOS KDE X11,NOT_RUN,,,Заполнить после реального испытания
UI-12,CachyOS KDE X11,NOT_RUN,,,Заполнить после реального испытания
UI-13,CachyOS KDE X11,NOT_RUN,,,Заполнить после реального испытания
UI-14,CachyOS KDE X11,NOT_RUN,,,Заполнить после реального испытания
UI-15,CachyOS KDE X11,NOT_RUN,,,Заполнить после реального испытания
UI-16,CachyOS KDE X11,NOT_RUN,,,Заполнить после реального испытания
UI-17,CachyOS KDE X11,NOT_RUN,,,Заполнить после реального испытания
UI-18,CachyOS KDE X11,NOT_RUN,,,Заполнить после реального испытания
UI-19,CachyOS KDE X11,NOT_RUN,,,Заполнить после реального испытания
UI-20,CachyOS KDE X11,NOT_RUN,,,Заполнить после реального испытания
UI-21,CachyOS KDE X11,NOT_RUN,,,Заполнить после реального испытания
UI-22,CachyOS KDE X11,NOT_RUN,,,Заполнить после реального испытания
UI-23,CachyOS KDE X11,NOT_RUN,,,Заполнить после реального испытания
UI-24,CachyOS KDE X11,NOT_RUN,,,Заполнить после реального испытания
UI-25,CachyOS KDE X11,NOT_RUN,,,Заполнить после реального испытания
UI-26,CachyOS KDE X11,NOT_RUN,,,Заполнить после реального испытания
UI-27,CachyOS KDE X11,NOT_RUN,,,Заполнить после реального испытания
UI-28,CachyOS KDE X11,NOT_RUN,,,Заполнить после реального испытания
UI-29,CachyOS KDE X11,NOT_RUN,,,Заполнить после реального испытания
UI-30,CachyOS KDE X11,NOT_RUN,,,Заполнить после реального испытания
SYS-01,CachyOS KDE X11,NOT_RUN,,,Заполнить после реального испытания
SYS-02,CachyOS KDE X11,NOT_RUN,,,Заполнить после реального испытания
SYS-03,CachyOS KDE X11,NOT_RUN,,,Заполнить после реального испытания
SYS-04,CachyOS KDE X11,NOT_RUN,,,Заполнить после реального испытания
SYS-05,CachyOS KDE X11,NOT_RUN,,,Заполнить после реального испытания
SYS-06,CachyOS KDE X11,NOT_RUN,,,Заполнить после реального испытания
SYS-07,CachyOS KDE X11,NOT_RUN,,,Заполнить после реального испытания
SYS-08,CachyOS KDE X11,NOT_RUN,,,Заполнить после реального испытания
SYS-09,CachyOS KDE X11,NOT_RUN,,,Заполнить после реального испытания
SYS-10,CachyOS KDE X11,NOT_RUN,,,Заполнить после реального испытания
UPD-01,CachyOS KDE X11,NOT_RUN,,,Заполнить после реального испытания
UPD-02,CachyOS KDE X11,NOT_RUN,,,Заполнить после реального испытания
UPD-03,CachyOS KDE X11,NOT_RUN,,,Заполнить после реального испытания
UPD-04,CachyOS KDE X11,NOT_RUN,,,Заполнить после реального испытания
UPD-05,CachyOS KDE X11,NOT_RUN,,,Заполнить после реального испытания
UPD-06,CachyOS KDE X11,NOT_RUN,,,Заполнить после реального испытания
UPD-07,CachyOS KDE X11,NOT_RUN,,,Заполнить после реального испытания
UPD-08,CachyOS KDE X11,NOT_RUN,,,Заполнить после реального испытания
UPD-09,CachyOS KDE X11,NOT_RUN,,,Заполнить после реального испытания
UPD-10,CachyOS KDE X11,NOT_RUN,,,Заполнить после реального испытания
UPD-11,CachyOS KDE X11,NOT_RUN,,,Заполнить после реального испытания
UPD-12,CachyOS KDE X11,NOT_RUN,,,Заполнить после реального испытания
UPD-13,CachyOS KDE X11,NOT_RUN,,,Заполнить после реального испытания
UPD-14,CachyOS KDE X11,NOT_RUN,,,Заполнить после реального испытания
UPD-15,CachyOS KDE X11,NOT_RUN,,,Заполнить после реального испытания
UPD-16,CachyOS KDE X11,NOT_RUN,,,Заполнить после реального испытания
UPD-17,CachyOS KDE X11,NOT_RUN,,,Заполнить после реального испытания
